gen,mean,sd
1,220,9.120732633
2,209,7.829680945
3,222,9.562759276
4,218,9.856421114
5,220,9.282809865
6,224,10.68098622
7,225,9.789194163
